

INSERT INTO `jeudi_aprem` (`nom`, `semaine`) VALUES
('Benoit', 25),
('Audrey', 25),
('Babeth', 25),
('Sylvie', 25),
('Manon', 25);

INSERT INTO `jeudi_matin` (`nom`, `semaine`) VALUES
('Laeticia', 25),
('Audrey', 25),
('Benoit', 25),
('Manon', 25),
('Babeth', 25);

INSERT INTO `lundi_aprem` (`nom`, `semaine`) VALUES
('Benoit', 25),
('Monique', 25),
('Laeticia', 25),
('Babeth', 25),
('Sylvie', 25);

INSERT INTO `lundi_matin` (`nom`, `semaine`) VALUES
('Benoit', 25),
('Monique', 25),
('Laeticia', 25),
('Audrey', 25),
('Sylvie', 25);

INSERT INTO `mardi_aprem` (`nom`, `semaine`) VALUES
('Benoit', 25),
('Laeticia', 25),
('Audrey', 25),
('Babeth', 25),
('Manon', 25);

INSERT INTO `mardi_matin` (`nom`, `semaine`) VALUES
('Benoit', 25),
('Laeticia', 25),
('Audrey', 25),
('Babeth', 25),
('Manon', 25);

INSERT INTO `mercredi_aprem` (`nom`, `semaine`) VALUES
('Benoit', 25),
('Audrey', 25),
('Sylvie', 25),
('Babeth', 25),
('Manon', 25);

-- ---

INSERT INTO `mercredi_matin` (`nom`, `semaine`) VALUES
('Benoit', 25),
('Audrey', 25),
('Sylvie', 25),
('Babeth', 25),
('Manon', 25);


INSERT INTO `samedi_matin` (`nom`, `semaine`) VALUES
('Benoit', 25),
('Monique', 25),
('Manon', 25),
('Laeticia', 25),
('Sylvie', 25);

INSERT INTO `vendredi_aprem` (`nom`, `semaine`) VALUES
('Benoit', 25),
('Laeticia', 25),
('Audrey', 25),
('Babeth', 25),
('Manon', 25);

INSERT INTO `vendredi_matin` (`nom`, `semaine`) VALUES
('Benoit', 25),
('Laeticia', 25),
('Audrey', 25),
('Babeth', 25),
('Monique', 25);
COMMIT;
